Question,Answer,Label
Who is Ho Chi Minh?,"Ho Chi Minh was a Vietnamese Communist revolutionary leader who was the founding father and first President of the Democratic Republic of Vietnam (North Vietnam).",Biography
When and where was Ho Chi Minh born?,"Ho Chi Minh was born on May 19, 1890, in Nghe An Province, Vietnam.",Biography
What was Ho Chi Minh's original name?,Ho Chi Minh's original name was Nguyen Sinh Cung.,Biography
Describe Ho Chi Minh's role in the Vietnam War.,"Ho Chi Minh played a crucial role in leading North Vietnam during the Vietnam War, seeking reunification with South Vietnam.,",Vietnam War
What political ideology did Ho Chi Minh follow?,Ho Chi Minh followed Marxist-Leninist political ideology and was a key figure in the Vietnamese Communist Party.,Ideology
How long did Ho Chi Minh serve as the President of North Vietnam?,Ho Chi Minh served as the President of North Vietnam from 1945 until his death in 1969.,Leadership
What is the significance of Ho Chi Minh's mausoleum?,Ho Chi Minh's mausoleum in Hanoi is a significant historical site where his embalmed body is preserved for public viewing.,Legacy
How did Ho Chi Minh contribute to the independence of Vietnam?,Ho Chi Minh played a crucial role in leading Vietnam to gain independence from French colonial rule in 1954.,Independence
Did Ho Chi Minh receive any international recognition?,Ho Chi Minh received international recognition for his role in the struggle for Vietnam's independence and reunification.,International Recognition
What is Ho Chi Minh's legacy in modern Vietnam?,"Ho Chi Minh is remembered as a national hero, and his legacy continues to influence Vietnamese politics and culture.",Legacy
Who were Ho Chi Minh's major influences?,"Ho Chi Minh was influenced by various revolutionary thinkers, including Karl Marx, Vladimir Lenin, and Sun Yat-sen.",Influences
What role did Ho Chi Minh play in the formation of the Democratic Republic of Vietnam?,"Ho Chi Minh declared the establishment of the Democratic Republic of Vietnam on September 2, 1945, becoming its first President.",Formation of Vietnam
How did Ho Chi Minh contribute to the development of the Democratic Republic of Vietnam's government?,"Ho Chi Minh played a key role in shaping the government of North Vietnam, implementing socialist policies and land reforms.",Government Development
Describe Ho Chi Minh's efforts for social equality and land reforms.,Ho Chi Minh advocated for social equality and implemented land reforms to address issues of land distribution and empower peasants.,Social Equality
What was Ho Chi Minh's stance on foreign intervention in Vietnam?,Ho Chi Minh opposed foreign intervention in Vietnam and sought support for Vietnamese independence on the international stage.,Foreign Intervention
Did Ho Chi Minh have any notable writings?,"Yes, Ho Chi Minh wrote several important documents, including the Declaration of Independence of the Democratic Republic of Vietnam.",Writings
What was Ho Chi Minh's relationship with the United States during the Vietnam War?,Ho Chi Minh sought support from the U.S. during World War II but later faced conflict with the U.S. during the Vietnam War.,U.S.-Vietnam Relations
How did Ho Chi Minh's leadership impact the People's Army of Vietnam (PAVN)?,Ho Chi Minh played a crucial role in the development and leadership of the People's Army of Vietnam (PAVN).,Military Leadership
What was Ho Chi Minh's approach to diplomacy?,"Ho Chi Minh pursued a diplomatic approach, seeking support from various nations and advocating for Vietnam's independence on the global stage.",Diplomacy
How is Ho Chi Minh commemorated in Vietnam today?,"Ho Chi Minh is commemorated through various monuments, museums, and events across Vietnam, reflecting his enduring significance.",Commemoration
