Question,Answer
"Who was Hồ Chí Minh, and what roles did he play in Vietnamese history?"," Hồ Chí Minh (né Nguyễn Sinh Cung; 19 May 1890 – 2 September 1969), colloquially known as Uncle Ho (Bác Hồ) or just Uncle (Bác), and by other aliases and sobriquets, was a Vietnamese communist revolutionary, nationalist, and politician."
What governmental positions did Hồ Chí Minh hold during his lifetime?,"He served as prime minister of the Democratic Republic of Vietnam from 1945 to 1955 and as president from 1945 until his death, in 1969."
"What were Hồ Chí Minh's ideological beliefs, and what leadership roles did he hold within the Vietnamese political party?","Ideologically a Marxist–Leninist, he was the Chairman and First Secretary of the Workers' Party of Vietnam, the predecessor of the current Communist Party of Vietnam."
"Where was Hồ Chí Minh born, and under what colonial rule?",Hồ Chí Minh was born in Nghệ An province in the French protectorate of Annam.
"When did Hồ Chí Minh depart from French Indochina, and for what purpose?","From 1911, he left French Indochina to continue his revolutionary activities."
Who was one of the founding members of the French Communist Party?,He was also one of the founding members of the French Communist Party.
What significant events occurred in 1930 and 1941 in Hồ Chí Minh's political career?,"In 1930, he founded the Communist Party of Vietnam and in 1941, he returned to Vietnam and founded the Việt Minh independence movement, an umbrella group."
What major event did Hồ Chí Minh lead against the Japanese in August 1945?,"Then, Hồ led the August Revolution against the Japanese in August 1945, which resulted in the independence of the Democratic Republic of Vietnam."
What action did Hồ Chí Minh's government take after the French returned to power in September 1945?,"After the French returned to power the following month, Hồ's government retreated to the Việt Bắc region and began guerrilla warfare."
"What was the outcome of the Battle of Điện Biên Phủ in 1954, and how did it impact Vietnam?","The Việt Minh defeated the French Union in 1954 at the Battle of Điện Biên Phủ, ending the First Indochina War, and resulting in the division of Vietnam, with the Việt Minh in control of North Vietnam, and anti-communists in control of South Vietnam."
What role did Hồ Chí Minh play in the People's Army of Vietnam during the Vietnam War?,"He was a key figure in the People's Army of Vietnam during the Vietnam War, which lasted from 1955 to 1975."
Why did Hồ Chí Minh officially step down from power in 1965?,Hồ officially stepped down from power in 1965 due to health problems and died in 1969.
What was the outcome of the conflict between North Vietnam and South Vietnam?,North Vietnam was ultimately victorious against South Vietnam and its allies.
When was Vietnam officially unified?,Vietnam was officially unified in 1976.
"What was the former capital of South Vietnam renamed to, and why?","Saigon, the former capital of South Vietnam, was renamed Ho Chi Minh City in his honor."
What is uncertain about Hồ Chí Minh's life before he came to power in Vietnam?,The details of Hồ Chí Minh's life before he came to power in Vietnam are uncertain.
How many pseudonyms is Hồ Chí Minh known to have used?,He is known to have used between 50 and 200 pseudonyms.
What makes information on Hồ Chí Minh's birth and early life ambiguous?,Information on his birth and early life is ambiguous and subject to academic debate.
How do official and unofficial biographies of Hồ Chí Minh differ?,"At least four existing official biographies vary on names, dates, places, and other hard facts while unofficial biographies vary even more widely."
"Besides politics, what other professions was Hồ Chí Minh involved in?","Aside from being a politician, Hồ was a writer, poet, and journalist."
"In which languages did Hồ Chí Minh write books, articles, and poems?","He wrote several books, articles, and poems in Chinese, Vietnamese, and French."
"Where and when was Hồ Chí Minh born, and what name was he given at birth?","Hồ Chí Minh (胡志明) was born as Nguyễn Sinh Cung (阮生恭) in 1890 in the village of Làng Chùa or Hoàng Trù in Kim Liên commune, Nam Đàn district, Nghệ An province, in Central Vietnam which was then a French protectorate."
What variations exist regarding Hồ Chí Minh's birth year?,"Although 1890 is generally accepted as his birth year, at various times he used four other birth years , 1892, 1894 and 1895."
"Where did Hồ Chí Minh live until 1895, and where was he sent for study?",He lived in his father Nguyễn Sinh Sắc's village of Làng Sen in Kim Liên until 1895 when his father sent him to Huế for study.
"How many siblings did Hồ Chí Minh have, and what were their occupations?","He had three siblings: his sister Bạch Liên (Nguyễn Thị Thanh), a clerk in the French Army; his brother Nguyễn Sinh Khiêm (Nguyễn Tất Đạt), a geomancer and traditional herbalist; and another brother (Nguyễn Sinh Nhuận), who died in infancy."
"Who was Hồ Chí Minh's first formal teacher, and what subjects did he study with him?","As a young child, Cung (Hồ) studied with his father before more formal classes with a scholar named Vuong Thuc Do."
"What language did Hồ Chí Minh quickly master, and why was it important?","He quickly mastered Chữ Hán, a prerequisite for any serious study of Confucianism while honing his colloquial Vietnamese writing."
"Besides his studies, what other activities did Hồ Chí Minh enjoy as a young child?","In addition to his studies, he was fond of adventure and loved to fly kites and go fishing."
"At what age did Hồ Chí Minh receive a new name, and what was it?","Following Confucian tradition, his father gave him a new name at the age of 10: Nguyễn Tất Thành."
"What occupations did Hồ Chí Minh's father hold, and where did he work?",His father was a Confucian scholar and teacher and later an imperial magistrate in the small remote district of Binh Khe (Qui Nhơn).
Why was Hồ Chí Minh's father demoted from his position?,He was demoted for abuse of power after an influential local figure died several days after having received 102 strokes of the cane as punishment for an infraction.
"What choice did Hồ Chí Minh's father make regarding imperial bureaucracy, and why?","His father was eligible to serve in the imperial bureaucracy, but he refused because it meant serving the French."
What was a common experience for individuals like Hồ Chí Minh in his province?,This exposed Thành (Hồ) to rebellion at a young age and seemed to be the norm for the province.
"Despite his father's stance, what type of education did Hồ Chí Minh receive, and where?","Nevertheless, he received a French education, attending Collège Quốc học (lycée or secondary education) in Huế in Central Vietnam."
Who were some notable individuals who attended the same school as Hồ Chí Minh?,"His disciples, Phạm Văn Đồng and Võ Nguyên Giáp, also attended the school, as did Ngô Đình Diệm, the future President of South Vietnam and political rival."
"What is uncertain about Hồ Chí Minh's early life, and what evidence exists regarding his revolutionary activities?","His early life is uncertain but there are some documents indicating activities regarding an early revolutionary spirit during French-occupied Vietnam, but conflicting sources remain."
"What event was previously believed to involve Hồ Chí Minh and an anti-slavery demonstration, and what impact did it have on his education?","Previously, it was believed that Thành (Hồ) was involved in an anti-slavery (anti-corvée) demonstration of poor peasants in Huế in May 1908, which endangered his student status at Collège Quốc học."
What conflicting information does a document from the Centre des archives d'Outre-mer in France provide about Hồ Chí Minh's admission to Collège Quốc học?,"However, a document from the Centre des archives d'Outre-mer in France shows that he was admitted to Collège Quốc học on 8 August 1908, which was several months after the anti-corvée demonstration (9–13 April 1908)."
Under what alias did Hồ Chí Minh apply to work on a French merchant steamer in Saigon?,"In Saigon, he applied to work as a kitchen helper on a French merchant steamer, the Amiral de Latouche-Tréville, using the alias Văn Ba."
"When did the French merchant steamer, the Amiral de Latouche-Tréville, depart and arrive at its destinations?","The ship departed on 5 June 1911 and arrived in Marseille, France on 5 July 1911."
"After returning to Marseille, what educational opportunity did Hồ Chí Minh pursue?","The ship then left for Le Havre and Dunkirk, returning to Marseille in mid-September."
What decision did Hồ Chí Minh make when he did not succeed in his application to the French Colonial School?,"There, he applied for the French Colonial School but did not succeed."
"What did Hồ Chí Minh decide to do instead of pursuing further education, and for how long did he engage in this activity?",He instead decided to begin traveling the world by working on ships and visiting many countries from 1911 to 1917.
During which year did Hồ Chí Minh travel to the United States while working on a ship?,"While working as the cook's helper on a ship in 1912, Thành (Hồ) traveled to the United States."
"Where did Hồ Chí Minh potentially reside from 1912 to 1913 while in the United States, and what occupation did he claim to have had?","From 1912 to 1913, he may have lived in New York City (Harlem) and Boston, where he claimed to have worked as a baker at the Parker House Hotel."
"What evidence exists of Hồ Chí Minh's presence in the United States, and what details does it provide?",The only evidence that he was in the United States is a single letter to French colonial administrators dated 15 December 1912 and postmarked New York City (he gave his address as the poste restante in Le Havre and his occupation as a sailor) and a postcard to Phan Chu Trinh in Paris where he mentioned working at the Omni Parker House Hotel.
What did inquiries to the Parker House management reveal about Hồ Chí Minh's purported employment there?,Inquiries to the Parker House management revealed no records of his ever having worked there.
What is believed to have influenced Hồ Chí Minh's political outlook while in the United States?,"It is believed that while in the US he made contact with Korean nationalists, an experience that developed his political outlook."
"According to Sophie Quinn-Judge, what is the nature of the belief regarding Hồ Chí Minh's contact with Korean nationalists?","Sophie Quinn-Judge states that this is ""in the realm of conjecture""."
"Who influenced Hồ Chí Minh during his stay in the United States, and what organization did he claim to have attended meetings of?","He was also influenced by Pan-Africanist and black nationalist Marcus Garvey during his stay, and said he attended meetings of the Universal Negro Improvement Association."
"Where did Hồ Chí Minh claim to have lived from 1913 to 1919, and what occupations did he reportedly hold?","At various points from 1913 to 1919, Thành (Hồ) claimed to have lived in West Ealing and later in Crouch End, Hornsey."
What position did Hồ Chí Minh reportedly hold at the Drayton Court Hotel in West Ealing?,He reportedly worked as either a chef or dishwasher (reports vary) at the Drayton Court Hotel in West Ealing.
"What claims about Hồ Chí Minh's training at the Carlton Hotel in Haymarket, Westminster, lack documentary evidence?","Claims that he was trained as a pastry chef under Auguste Escoffier at the Carlton Hotel in Haymarket, Westminster are not supported by documentary evidence."
What evidence of Hồ Chí Minh's purported training at the Carlton Hotel exists at the site?,"However, the wall of New Zealand House, home of the New Zealand High Commission which now stands on the site of the Carlton Hotel, displays a blue plaque."
What was Hồ Chí Minh's occupation during 1913 while working on the Newhaven–Dieppe ferry route?,"During 1913, Thành was also employed as a pastry chef on the Newhaven–Dieppe ferry route."
"During which period did Hồ Chí Minh begin to show an interest in politics while living in France, and who influenced him during this time?","From 1919 to 1923, Thành (Hồ) began to show an interest in politics while living in France, being influenced by his friend and Socialist Party of France comrade Marcel Cachin."
"What discrepancy arose regarding Thành's claimed arrival in Paris in 1917, according to French police records?","Thành claimed to have arrived in Paris from London in 1917, but the French police had only documents recording his arrival in June 1919."
Whom did Thành meet upon his arrival in Paris in June 1919?,"When he arrived, he met a scholar named Phan Châu Trinh as well as his friend Phan Van Truong."
"Which organization did Thành join in Paris, alongside figures like Phan Chu Trinh and Phan Văn Trường, advocating for Vietnamese independence?","In Paris he joined the Groupe des Patriotes Annamites (The Group of Vietnamese Patriots) that included Phan Chu Trinh, Phan Văn Trường, Nguyễn Thế Truyền and Nguyễn An Ninh."
"What pseudonym did the group, including Thành, use to publish newspaper articles advocating for Vietnamese independence prior to his arrival in Paris?","They had been publishing newspaper articles advocating for Vietnamese independence under the pseudonym Nguyễn Ái Quốc (""Nguyễn the Patriot"") prior to Thành's arrival in Paris."
What was the primary objective of the group's petition to the Western powers during the Versailles peace talks?,"The group petitioned for recognition of the civil rights of the Vietnamese people in French Indochina to the Western powers at the Versailles peace talks, but they were ignored."
To whom did the group send their petition for recognition of Vietnamese civil rights before the Versailles conference?,"Citing the principle of self-determination outlined before the peace accords, they requested the allied powers to end French colonial rule of Vietnam and ensure the formation of an independent government."
"Despite being ignored at Versailles, what historical significance did the group's efforts have for Hồ Chí Minh's future leadership role in Vietnam?","Before the conference, the group sent their letter to allied leaders, including French Prime Minister Georges Clemenceau and United States President Woodrow Wilson."
"Why did Thành, also known as Nguyễn Ái Quốc, become associated with the symbolic leadership of the anti-colonial movement in Vietnam?","They were unable to obtain consideration at Versailles, but the episode would later help establish the future Hồ Chí Minh as the symbolic leader of the anti-colonial movement at home in Vietnam."
"Who authored the document petitioning for Vietnamese independence, with Thành being its public face, leading to his adoption of the name Nguyễn Ái Quốc?","Since Thành was the public face behind the publication of the document (although it was written by Phan Văn Trường), he soon became known as Nguyễn Ái Quốc, and first used the name in September during an interview with a Chinese newspaper correspondent."
"What historical moment is referred to as a 'Wilsonian moment', and what impact could it have had on Hồ Chí Minh's political position?","Many authors have stated that 1919 was a lost ""Wilsonian moment"", where the future Hồ Chí Minh could have adopted a pro-American and less radical position if only President Wilson had received him."
What ideological stance was Hồ Chí Minh committed to during the Versailles Conference?,"However, at the time of the Versailles Conference, Hồ Chí Minh was committed to a socialist program."
What activities was Nguyễn Ái Quốc engaged in while the Versailles Conference was ongoing?,"While the conference was ongoing, Nguyễn Ái Quốc was already delivering speeches on the prospects of Bolshevism in Asia and was attempting to persuade French socialists to join Lenin's Communist International."
How did Nguyễn Ái Quốc react upon hearing of Terence MacSwiney's death in October 1920?,"Upon hearing of the October 1920 death of Irish republican hunger striker (and Lord Mayor of Cork) Terence MacSwiney, Quốc (Hồ) was said to have burst into tears and said “a country with a citizen like this will never surrender”."
What significant event occurred in December 1920 regarding Nguyễn Ái Quốc's involvement with the Socialist Party of France?,"In December 1920, Quốc (Hồ) became a representative to the Congress of Tours of the Socialist Party of France, voted for the Third International, and was a founding member of the French Communist Party."
"What role did Hồ Chí Minh take within the French Communist Party, and what was the focus of his efforts?","Taking a position in the Colonial Committee of the party, he tried to draw his comrades' attention towards people in French colonies including Indochina, but his efforts were often unsuccessful."
What is known about Hồ Chí Minh's personal life during his time in Paris?,"While living in Paris, he reportedly had a relationship with a dressmaker named Marie Brière."
What relations did Nguyễn Ái Quốc have with members of the Provisional Government of the Republic of Korea while in Paris?,"As a French police document discovered in 2018, Quốc also had relations with the members of Provisional Government of the Republic of Korea like Kim Kyu-sik, Jo So-ang while in Paris."
What creative pursuits did Hồ Chí Minh engage in during this period?,"During this period, he began to write journal articles and short stories as well as run his Vietnamese nationalist group."
What topic did Hồ Chí Minh criticize in an article he wrote for a French magazine in May 1922?,"In May 1922, he wrote an article for a French magazine criticizing the use of English words by French sportswriters."
"What was the subject of the article written by Hồ Chí Minh in May 1922, and who was implored to take action?","The article implored Prime Minister Raymond Poincaré to outlaw such Franglais as le manager, le round and le knock-out."
"Who sponsored Hồ Chí Minh's trip to the Soviet Union, and what role did he play in Hồ Chí Minh's future?","His articles and speeches caught the attention of Dmitry Manuilsky, who would soon sponsor his trip to the Soviet Union and under whose tutelage he would become a high-ranking member of the Soviet Comintern."
"What name did Hồ Chí Minh use when he left Paris for Moscow in 1923, and what activities did he engage in while in Moscow?","In 1923, Quốc (Hồ) left Paris for Moscow carrying a passport with the name Chen Vang, a Chinese merchant, where he was employed by the Comintern, studied at the Communist University of the Toilers of the East and participated in the Fifth Comintern Congress in June 1924 before arriving in Canton (present-day Guangzhou), China in November 1924 using the name Ly Thuy."
"What activities did Hồ Chí Minh undertake in Canton (present-day Guangzhou), China, during 1925–1926?","In 1925–1926, he organized ""Youth Education Classes"" and occasionally gave socialist lectures to Vietnamese revolutionary young people living in Canton at the Whampoa Military Academy."
What impact did Hồ Chí Minh's socialist lectures and educational efforts have on Vietnamese revolutionary young people in Canton?,"These young people would become the seeds of a new revolutionary, pro-communist movement in Vietnam several years later."
"According to William Duiker, whom did Hồ Chí Minh marry in October 1926, and what was significant about their marriage?","According to William Duiker, he lived with a Chinese woman, Zeng Xueming (Tăng Tuyết Minh), whom he married on 18 October 1926."
How did Hồ Chí Minh respond to objections from his comrades regarding his marriage?,"When his comrades objected to the match, he told them: ""I will get married despite your disapproval because I need a woman to teach me the language and keep house""."
"What was the age difference between Hồ Chí Minh and his wife, and where did they live after their marriage?",She was 21 and he was 36.
"Where did Hồ Chí Minh and his wife marry, and whose residence did they live in afterward?","They married in the same place where Zhou Enlai had married earlier and then lived in the residence of a Comintern agent, Mikhail Borodin."
"What accusation did Hoàng Văn Chí make against Hồ Chí Minh regarding Phan Bội Châu, and when did this purported betrayal occur?","Hoàng Văn Chí argued that in June 1925 he betrayed Phan Bội Châu, the famous leader of a rival revolutionary faction and his father's old friend, to French Secret Service agents in Shanghai for 100,000 piastres."
What reason did Hồ Chí Minh later claim for his purported betrayal of Phan Bội Châu?,A source states that he later claimed he did it because he expected Châu's trial to stir up anti-French sentiment and because he needed the money to establish a communist organization.
What was William Duiker's stance on the hypothesis regarding Hồ Chí Minh's involvement in Phan Bội Châu's capture?,"In Ho Chi Minh: A Life, William Duiker considered this hypothesis, but ultimately rejected it."
Who do other sources claim was responsible for the capture of Phan Bội Châu?,–128 Other sources claim that Nguyễn Thượng Huyện was responsible for Chau's capture.
"What was the outcome of Phan Bội Châu's trial, and how did he respond to Hồ Chí Minh?","Chau, sentenced to lifetime house arrest, never denounced Quốc."
"What prompted Hồ Chí Minh to leave Canton in April 1927, and where did he go afterward?","After Chiang Kai-shek's 1927 anti-communist coup, Quốc (Hồ) left Canton again in April 1927 and returned to Moscow, spending part of the summer of 1927 recuperating from tuberculosis in Crimea before returning to Paris once more in November."
What was the route taken by Hồ Chí Minh as he returned to Asia in July 1928?,"He then returned to Asia by way of Brussels, Berlin, Switzerland, and Italy, where he sailed to Bangkok, Thailand, arriving in July 1928."
What reassurance did Hồ Chí Minh provide to Zeng in an intercepted letter during his time away?,"""Although we have been separated for almost a year, our feelings for each other do not have to be said to be felt"", he reassured Zeng in an intercepted letter."
What role did Hồ Chí Minh serve during his time in Thailand?,"In this period, he served as a senior agent undertaking Comintern activities in Southeast Asia."
"Where did Hồ Chí Minh reside until late 1929, and where did he go afterward?","Quốc (Hồ) remained in Thailand, staying in the Thai village of Nachok until late 1929, when he moved on to India and then Shanghai."
"What significant meetings did Hồ Chí Minh chair in Hong Kong in early 1930, and what organizations did he establish?","In Hong Kong in early 1930, he chaired a meeting with representatives from two Vietnamese communist parties to merge them into a unified organization, the Communist Party of Vietnam."
"What led to Hồ Chí Minh's arrest in June 1931, and how was he defended?",He also founded the Indochinese Communist Party.
How did Hồ Chí Minh avoid deportation to French Indochina after his arrest in Hong Kong?,"In June 1931, Hồ was arrested in Hong Kong as part of a collaboration between the French colonial authorities in Indochina and the Hong Kong Police Force; scheduled to be deported back to French Indochina, Hồ was successfully defended by British solicitor Frank Loseby."
What was the eventual outcome of Hồ Chí Minh's legal proceedings in Hong Kong?,"Eventually, after appeals to the Privy Council in London, Hồ was reported as dead in 1932 to avoid a French extradition agreement; it was ruled that, though he would be deported from Hong Kong as an undesirable, it would not be to a destination controlled by France."
How did Hồ Chí Minh disguise himself when boarding a ship to Shanghai after his release?,"Hồ was eventually released and, disguised as a Chinese scholar, boarded a ship to Shanghai."
What did Hồ Chí Minh do upon returning to the Soviet Union?,He subsequently returned to the Soviet Union and in Moscow studied and taught at the Lenin Institute.
What led to Hồ Chí Minh reportedly losing his positions in the Comintern?,In this period Hồ reportedly lost his positions in the Comintern because of a concern that he had betrayed the organization.
"According to Ton That Thien's research, what was Hồ Chí Minh's status within the Comintern during the Great Purge?","However, according to Ton That Thien's research, he was a member of the inner circle of the Comintern, a protégé of Dmitry Manuilsky and a member in good standing of the Comintern throughout the Great Purge."
What happened to Hồ Chí Minh's control of the Party he founded?,Hồ was removed from control of the Party he had founded.
What were the charges leveled against Hồ Chí Minh by those who replaced him?,Those who replaced him charged him with nationalist tendencies.
What role did Hồ Chí Minh serve upon his return to China in 1938?,"In 1938, Quốc (Hồ) returned to China and served as an advisor to the Chinese Communist armed forces."
What responsibilities did Hồ Chí Minh have while serving as a senior Comintern agent in China?,He was also the senior Comintern agent in charge of Asian affairs.
Where did Hồ Chí Minh work extensively during his time in China?,"He worked extensively in Chongqing and traveled to Guiyang, Kunming, and Guilin."
Under what name did Hồ Chí Minh operate during his time in China?,He was using the name Hồ Quang during this period.
How did Hồ Chí Minh and his lieutenants view France's defeat by Germany in 1940?,"When France was defeated by Germany in 1940, Hồ and his lieutenants, Võ Nguyên Giáp and Phạm Văn Đồng, saw this as an opportunity to advance their own cause."
When did Hồ Chí Minh return to Vietnam to lead the Việt Minh independence movement?,"In 1941, Hồ Chí Minh returned to Vietnam to lead the Việt Minh independence movement."
What opportunity did the Japanese occupation of Indochina in 1941 create for patriotic Vietnamese?,"The Japanese occupation of Indochina that year, the first step toward an invasion of the rest of Southeast Asia, created an opportunity for patriotic Vietnamese."
What was the role of the so-called 'men in black' within the Việt Minh?,"The so-called ""men in black"" were a 10,000-member guerrilla force that operated with the Việt Minh."
"What military actions did Hồ Chí Minh oversee during World War II, and who clandestinely supported the Việt Minh?","He oversaw many successful military actions against the Vichy France and the Japanese occupation of Vietnam during World War II, supported closely yet clandestinely by the United States Office of Strategic Services and later against the French bid to reoccupy the country (1946–1954)."
"How did Hồ Chí Minh end up being jailed in China in 1943, and who rescued him?",He was jailed in China by Chiang Kai-shek's local authorities before being rescued by Chinese Communists.
What did Hồ Chí Minh do after his release from jail in China in 1943?,"Following his release in 1943, he returned to Vietnam."
"When did Hồ Chí Minh begin regularly using his Vietnamese name, and what does it signify?","It was during this time that he began regularly using the name Hồ Chí Minh, a Vietnamese name combining a common Vietnamese surname (Hồ, 胡) with a given name meaning ""Bright spirit"" or ""Clear will"" (from Sino-Vietnamese 志 明: Chí meaning ""will"" or ""spirit"" and Minh meaning ""bright"")."
"To whom did Hồ Chí Minh's new name pay tribute, and why?","–249 His new name was a tribute to General Hou Zhiming (侯志明), Chief Commissar of the 4th Military Region of the National Revolutionary Army, who helped release him from a KMT prison in 1943."
"In April 1945, who did Hồ Chí Minh meet with, and what offer did he make to them?","In April 1945, he met with the OSS agent Archimedes Patti and offered to provide intelligence, asking only for ""a line of communication"" between his Viet Minh and the Allies."
"How did the OSS respond to Hồ Chí Minh's offer in April 1945, and what assistance did they provide?",The OSS agreed to this and later sent a military team of OSS members to train his men and Hồ Chí Minh himself was treated for malaria and dysentery by an OSS doctor.
"What position did Hồ Chí Minh assume following the August Revolution, and what significant proclamation did he issue?","Following the August Revolution organized by the Việt Minh, Hồ Chí Minh became Chairman of the Provisional Government (Premier of the Democratic Republic of Vietnam) and issued a Proclamation of Independence of the Democratic Republic of Vietnam."
"Despite convincing Emperor Bảo Đại to abdicate, why was Hồ Chí Minh's government not recognized by any country?","Although he convinced Emperor Bảo Đại to abdicate, his government was not recognized by any country."
"To whom did Hồ Chí Minh repeatedly appeal for support for Vietnamese independence, and what was the response?","He repeatedly petitioned President Harry S. Truman for support for Vietnamese independence, citing the Atlantic Charter, but Truman never responded."
"In 1946, how did Hồ Chí Minh become acquainted with future Israeli Prime Minister David Ben-Gurion?","In 1946, future Israeli Prime Minister David Ben-Gurion and Hồ Chí Minh became acquainted when they stayed at the same hotel in Paris."
"What offer did Hồ Chí Minh extend to David Ben-Gurion in 1946, and how did Ben-Gurion respond?","He offered Ben-Gurion a Jewish home-in-exile in Vietnam, which Ben-Gurion declined."
"In 1946, what actions were taken by Hồ Chí Minh's subordinates when he traveled outside the country?","In 1946, when he traveled outside of the country, his subordinates imprisoned 2,500 non-Communist nationalists and forced 6,000 others to flee."
What significant event occurred in July 1946 regarding political opponents of the Viet Minh government?,"Hundreds of political opponents were jailed or exiled in July 1946, notably, members of the Nationalist Party of Vietnam and the Dai Viet National Party after a failed attempt to raise a coup against the Viet Minh government."
"Following the failed coup attempt in July 1946, what measures were taken by Hồ Chí Minh's government to minimize opposition?",All rival political parties were hereafter banned and local governments were purged to minimize opposition later on.
"Despite the ban on rival political parties, what notable composition did the Democratic Republic of Vietnam's first Congress have?","However, it was noted that the Democratic Republic of Vietnam's first Congress had over two-thirds of its members come from non-Việt Minh political factions, some without an election."
Who was named vice president of the Democratic Republic of Vietnam during this period?,Nationalist Party of Vietnam leader Nguyễn Hải Thần was named vice president.
What proportion of ministerial positions did non-Việt Minh political factions hold in the government of the Democratic Republic of Vietnam?,They also held four out of ten ministerial positions (Government of the Union of Resistance of the Democratic Republic of Vietnam ).
"What event led to Hồ Chí Minh reading the Declaration of Independence of Vietnam on September 2, 1945?","Following Emperor Bảo Đại's abdication in August, Hồ Chí Minh read the Declaration of Independence of Vietnam on 2 September 1945 under the name of the Democratic Republic of Vietnam."
Why did General Sir Douglas Gracey declare martial law in Saigon?,"In Saigon, with violence between rival Vietnamese factions and French forces increasing, the British commander, General Sir Douglas Gracey, declared martial law."
"How did the Việt Minh leaders respond on September 24, 1945, to the increasing violence?","On 24 September, the Việt Minh leaders responded with a call for a general strike."
What significant event occurred in Hanoi in September 1945 involving the Chinese National Revolutionary Army?,"In the same month, a force of 200,000 Chinese National Revolutionary Army troops arrived in Hanoi to accept the surrender of the Japanese occupiers in northern Indochina."
What compromise did Hồ Chí Minh make with General Lu Han regarding the Communist Party and the government in Vietnam?,"Hồ Chí Minh made a compromise with their general, Lu Han, to dissolve the Communist Party and to hold an election that would yield a coalition government."
"Why did Chiang sign an agreement with France on March 6, 1946, recognizing Vietnam as an autonomous state?","When Chiang forced the French to give the French concessions in Shanghai back to China in exchange for withdrawing from northern Indochina, he had no choice but to sign an agreement with France on 6 March 1946 in which Vietnam would be recognized as an autonomous state in the Indochinese Federation and the French Union."
What led to the breakdown of the agreement between France and the Vietminh?,The agreement soon broke down.
"What was the purpose of the agreement signed on March 6, 1946, between France and Vietnam?","The purpose of the agreement, for both the French and Vietminh, was for Chiang's army to leave North Vietnam."
What happened in North Vietnam after the Chinese troops left?,Fighting broke out in the North soon after the Chinese left.
What challenge to the authenticity of a quote attributed to Hồ Chí Minh was raised by Historian Professor Liam Kelley?,"Historian Professor Liam Kelley of the University of Hawaii at Manoa on his Le Minh Khai's Asian History Blog challenged the authenticity of the alleged quote where Hồ Chí Minh said he ""would rather smell French shit for five years than eat Chinese shit for a thousand,"" noting that Stanley Karnow provided no source for the extended quote attributed to him in his 1983 Vietnam: A History and that the original quote was most likely forged by the Frenchman Paul Mus in his 1952 book Vietnam: Sociologie d'une Guerre."
Why did Hồ Chí Minh believe there was no danger of Chinese troops staying in Vietnam?,Mus was a supporter of French colonialism in Vietnam and Hồ Chí Minh believed there was no danger of Chinese troops staying in Vietnam.
What was the attitude of the Vietnamese towards French colonialism and Chinese aid during the period after 1949?,"The Vietnamese at the time were busy spreading anti-French propaganda as evidence of French atrocities in Vietnam emerged, while Hồ Chí Minh showed no qualms about accepting Chinese aid after 1949."
How did the Việt Minh collaborate with French colonial forces in 1945–1946?,"The Việt Minh then collaborated with French colonial forces to massacre supporters of rival Vietnamese nationalist movements in 1945–1946, and of the Trotskyists."
"What challenges did Trotskyism present to the Communist Party in Vietnam, particularly in Saigon-Cochinchina?","Trotskyism in Vietnam did not rival the Party outside of the major cities, but particularly in the South, in Saigon-Cochinchina, they had been a challenge."
What were the primary demands of the Trotskyists in Vietnam?,"From the outset, they had called for armed resistance to a French restoration and an immediate transfer of industry to workers and land to peasants."
What was Hồ Chí Minh's response when asked about the fate of the Trotskyist leader Tạ Thu Thâu by Daniel Guérin?,"The French Socialist leader Daniel Guérin recalls that when in Paris in 1946 he asked Hồ Chí Minh about the fate of the Trotskyist leader Tạ Thu Thâu, Hồ Chí Minh had replied, ""with unfeigned emotion,"" that ""'Thâu was a great patriot and we mourn him', but then a moment later added in a steady voice 'All those who do not follow the line which I have laid down will be broken.'"""
What was the outcome regarding non-Communist parties as the Communists gained power in Vietnam?,"The Communists eventually suppressed all non-Communist parties, but they failed to secure a peace deal with France."
What realization did the Democratic Republic of Vietnam government come to in the final days of 1946?,"In the final days of 1946, after a year of diplomatic failure and many concessions in agreements, such as the Dalat and Fontainebleau conferences, the Democratic Republic of Vietnam government found that war was inevitable."
How did the bombardment of Haiphong by the French Navy impact perceptions of France's intentions in Vietnam?,"The bombardment of Haiphong by the French Navy only strengthened the belief that France had no intention of allowing an autonomous, independent state in Vietnam."
What was the reported casualty count of Vietnamese civilians in Haiphong as a result of the French Navy's bombardment?,"The attack reportedly killed more than 6,000 Vietnamese civilians in Haiphong."
"What event occurred after French forces marched into Hanoi, the capital city of the Democratic Republic of Vietnam?","French forces marched into Hanoi, now the capital city of the Democratic Republic of Vietnam."
"What significant declaration did Hồ Chí Minh make on December 19, 1946, following the Haiphong incident?","On 19 December 1946, after the Haiphong incident, Hồ Chí Minh declared war against the French Union, marking the beginning of the Indochina War."
How did the Vietnam National Army initially engage the French forces?,"The Vietnam National Army, mostly armed with machetes and muskets immediately attacked."
What tactics did the Vietnam National Army employ during their assault on the French positions?,"They assaulted the French positions, smoking them out with straw bundled with chili pepper, destroying armored vehicles with ""lunge mines"" (a hollow-charge warhead on the end of a pole, detonated by thrusting the charge against the side of a tank; typically a suicide weapon) and Molotov cocktails, holding off attackers by using roadblocks, landmines and gravel."
What was the outcome after two months of fighting between the Việt Minh forces and the French?,"After two months of fighting, the exhausted Việt Minh forces withdrew after systematically destroying any valuable infrastructure."
What mistaken report circulated regarding Hồ Chí Minh during Operation Léa led by Jean Étienne Valluy?,"Hồ was mistakenly reported to be captured by a group of French soldiers, led by Jean Étienne Valluy at Việt Bắc, during Operation Léa."
"Who was the individual mistakenly reported to be Hồ Chí Minh during Operation Léa, and what was his fate?",The person in question turned out to be a Việt Minh advisor who was killed trying to escape.
"According to journalist Bernard Fall, what decision did Hồ Chí Minh make after fighting the French for several years?","According to journalist Bernard Fall, Hồ decided to negotiate a truce after fighting the French for several years."
What was the condition of the meeting site when the French negotiators arrived?,"When the French negotiators arrived at the meeting site, they found a mud hut with a thatched roof."
What was found inside the mud hut where the negotiations were supposed to take place?,Inside they found a long table with chairs.
What indication did the presence of a silver ice bucket and champagne bottle in the negotiation room give about Hồ Chí Minh's expectations?,"In one corner of the room, a silver ice bucket contained ice and a bottle of good champagne, indicating that Hồ expected the negotiations to succeed."
"What demand did the French make regarding the return of Japanese military officers, and why?",One demand by the French was the return to French custody of several Japanese military officers (who had been helping the Vietnamese armed forces by training them in the use of weapons of Japanese origin) for them to stand trial for war crimes committed during World War II.
How did Hồ Chí Minh respond to the French demand regarding the Japanese officers?,"Hồ Chí Minh replied that the Japanese officers were allies and friends whom he could not betray, therefore he walked out to seven more years of war."
"What significant meeting occurred in Moscow in February 1950, and who participated in it?","In February 1950, after the Battle of Route Coloniale 4 successfully removed the French border blockade, he met with Joseph Stalin and Mao Zedong in Moscow after the Soviet Union recognized his government."
What agreement was reached regarding China's support for the Việt Minh during the meeting in Moscow?,They all agreed that China would be responsible for backing the Việt Minh.
"What plans did China have regarding the training of Viet Minh forces, as stated by Mao Zedong's emissary to Moscow?","Mao Zedong's emissary to Moscow stated in August that China planned to train 60,000–70,000 Viet Minh shortly."
How did the Battle of Route Coloniale 4 impact the Việt Minh's ability to receive external support?,The road to the outside world was open for Việt Minh forces to receive additional supplies which would allow them to escalate the fight against the French regime throughout Indochina.
What statement attributed to Hồ Chí Minh reflected his attitude towards the conflict with the French?,"At the outset of the conflict, Hồ reportedly told a French visitor: ""You can kill ten of my men for every one I kill of yours."
How did the First Indochina War come to an end in 1954?,"But even at those odds, you will lose and I will win""."
What was the outcome of the Battle of Dien Bien Phu in 1954?,"In 1954, the First Indochina War came to an end after the decisive Battle of Dien Bien Phu, where more than 10,000 French soldiers surrendered to the Viet Minh."
What was the outcome of the subsequent Geneva Accords peace process?,The subsequent Geneva Accords peace process partitioned North Vietnam at the 17th parallel.
"According to Arthur Dommen, how many civilians does he estimate were killed by the Việt Minh during the war?","Arthur Dommen estimates that the Việt Minh killed between 100,000 and 150,000 civilians during the war."
"According to Benjamin Valentino's estimates, how many civilian deaths does he attribute to the French during the war?","By comparison to Dommen's calculation, Benjamin Valentino estimates that the French were responsible for 60,000–250,000 civilian deaths."
"What did the 1954 Geneva Accords conclude between France and the Việt Minh, regarding the Việt Minh's forces and anti-Communist groups?","The 1954 Geneva Accords concluded between France and the Việt Minh, allowing the latter's forces to regroup in the North whilst anti-Communist groups settled in the South."
What happened to the Democratic Republic of Vietnam following the Geneva Accords?,"His Democratic Republic of Vietnam relocated to Hanoi and became the government of North Vietnam, a Communist-led one-party state."
What provision was made regarding the movement of people between the two regions of Vietnam after the Geneva Accords?,"Following the Geneva Accords, there was to be a 300-day period in which people could freely move between the two regions of Vietnam, later known as South Vietnam and North Vietnam."
"During the 300-day period after the Geneva Accords, what campaign did Diệm and CIA adviser Colonel Edward Lansdale stage?","During the 300 days, Diệm and CIA adviser Colonel Edward Lansdale staged a campaign to convince people to move to South Vietnam."
Who was the campaign particularly focused on during the 300-day period after the Geneva Accords?,"The campaign was particularly focused on Vietnam's Catholics, who were to provide Diệm's power base in his later years, with the use of the slogan ""God has gone south""."
"How many people migrated to the South during the 300-day period after the Geneva Accords, according to estimates?","Between 800,000 and 1,000,000 people migrated to the South, mostly Catholics."
What event occurred at the start of 1955 in relation to French Indochina?,"At the start of 1955, French Indochina was dissolved, leaving Diệm in temporary control of the South."
What was the stance of all parties at the Geneva Conference regarding reunification elections?,"All the parties at Geneva called for reunification elections, but they could not agree on the details."
What proposal did Việt Minh acting foreign minister Phạm Văn Đồng make regarding the supervision of elections?,"Recently appointed Việt Minh acting foreign minister Phạm Văn Đồng proposed elections under the supervision of ""local commissions""."
"What plan did the United States, along with Britain and the Associated States of Vietnam, Laos, and Cambodia, suggest for the supervision of elections?","The United States, with the support of Britain and the Associated States of Vietnam, Laos, and Cambodia, suggested United Nations supervision."
Why was the plan suggested by the United States rejected by Soviet representative Vyacheslav Molotov?,"This plan was rejected by Soviet representative Vyacheslav Molotov, who argued for a commission composed of an equal number of communist and non-communist members, which could determine ""important"" issues only by unanimous agreement."
What was the major point of contention regarding the date for the elections for reunification?,The negotiators were unable to agree on a date for the elections for reunification.
What was North Vietnam's proposal regarding the timeline for reunification elections?,North Vietnam argued that the elections should be held within six months of the ceasefire while the Western allies sought to have no deadline.
What timeline did Molotov propose for the reunification elections?,"Molotov proposed June 1955, then later softened this to any time in 1955 and finally July 1956."
What was the stance of the Diem government regarding reunification elections?,"The Diem government supported reunification elections, but only with effective international supervision, arguing that genuinely free elections were otherwise impossible in the totalitarian North."
When were the remaining outstanding issues at the Geneva Conference resolved?,"By the afternoon of 20 July 1954, the remaining outstanding issues were resolved as the parties agreed that the partition line should be at the 17th parallel and the elections for a reunified government should be held in July 1956, two years after the ceasefire."
Who signed the Agreement on the Cessation of Hostilities in Vietnam?,"The Agreement on the Cessation of Hostilities in Vietnam was only signed by the French and Việt Minh military commands, with no participation or consultation of the State of Vietnam."
Who chaired the International Control Commission (ICC) tasked with supervising the ceasefire?,"Based on a proposal by Chinese delegation head Zhou Enlai, an International Control Commission (ICC) chaired by India, with Canada and Poland as members, was placed in charge of supervising the ceasefire."
How did Poland's presence in the ICC affect the supervision of the treaty?,"Because issues were to be decided unanimously, Poland's presence in the ICC provided the Communists with effective veto power over supervision of the treaty."
What did the unsigned Final Declaration of the Geneva Conference call for?,"The unsigned Final Declaration of the Geneva Conference called for reunification elections, which the majority of delegates expected to be supervised by the ICC."
Why did the Việt Minh never accept ICC authority over reunification elections?,"The Việt Minh never accepted ICC authority over such elections, insisting that the ICC's ""competence was to be limited to the supervision and control of the implementation of the Agreement on the Cessation of Hostilities by both parties""."
Which countries refused to accept the Final Declaration of the Geneva Conference?,"Of the nine nations represented, only the United States and the State of Vietnam refused to accept the declaration."
What was the United States' position on achieving unity in Vietnam?,"Undersecretary of state Walter Bedell Smith delivered a ""unilateral declaration"" of the United States position, reiterating: ""We shall seek to achieve unity through free elections supervised by the United Nations to ensure that they are conducted fairly""."
What agrarian reforms were instituted by the North Vietnamese government between 1953 and 1956?,"Between 1953 and 1956, the North Vietnamese government instituted various agrarian reforms, including ""rent reduction"" and ""land reform"", which were accompanied with executions of ""reactionary and evil landlords."""
What was the estimated ratio of executions per village resident during the land reform campaign?,"During the land reform, testimonies by North Vietnamese witnesses suggested a ratio of one execution per 160 village residents, which if extrapolated would indicate a nationwide total of nearly 100,000 executions."
What was the widely accepted lower estimate of executions during the land reform campaign?,"Because the campaign was concentrated mainly in the Red River Delta area, a lower estimate of 50,000 executions was widely accepted by scholars at the time."
What do declassified documents from Vietnamese and Hungarian archives suggest about the actual number of executions?,"However, declassified documents from the Vietnamese and Hungarian archives indicate that the number of executions was much lower than reported at the time, although it was likely greater than 13,500."
What action did North Vietnam take in early 1956 regarding land reform?,"In early 1956, North Vietnam ended the land reform and initiated a ""correction of errors"" to rectify the mistakes and damage done."
What did Ho Chi Minh do in 1956 regarding the mistakes made in the land reform?,"That year, Ho Chi Minh apologised and acknowledged the serious errors the government had made in the land reform."
How many political prisoners were released by North Vietnam as part of the correction campaign by September 1957?,"As part of the campaign, as many as 23,748 political prisoners were released by North Vietnam by September 1957."
What was the outcome of the correction campaign by 1958?,"By 1958, the correction campaign had resulted in the return of land to many of those harmed by the land reform."
When was the idea of overthrowing the South Vietnamese government first presented at a Politburo meeting?,"As early as June 1956, the idea of overthrowing the South Vietnamese government was presented at a Politburo meeting."
What action did Hồ Chí Minh urge the Politburo to take in 1959 regarding aid to the Việt Cộng in South Vietnam?,"In 1959, Hồ Chí Minh began urging the Politburo to send aid to the Việt Cộng in South Vietnam; a ""people's war"" on the South was approved at a session in January 1959, and this decision was confirmed by the Politburo in March."
What event occurred in July 1959 involving North Vietnam's military action in Laos?,"North Vietnam invaded Laos in July 1959, aided by the Pathet Lao, and used 30,000 men to build a network of supply and reinforcement routes running through Laos and Cambodia that became known as the Hồ Chí Minh trail."
What strategic advantage did the Hồ Chí Minh trail provide to North Vietnam?,"It allowed the North to send manpower and material to the Việt Cộng with much less exposure to South Vietnamese forces, achieving a considerable advantage."
How did communist propaganda address accusations of North Vietnam violating the Geneva Accord?,"To counter the accusation that North Vietnam was violating the Geneva Accord, the independence of the Việt Cộng was stressed in communist propaganda."
What organization did North Vietnam establish in December 1960 to support the Viet Cong in South Vietnam?,"North Vietnam created the National Liberation Front of South Vietnam in December 1960 as a ""united front"", or political branch of the Viet Cong, intended to encourage the participation of non-Communists."
What action did Hồ Chí Minh take at the end of 1959 regarding the next party leader in North Vietnam?,"At the end of 1959, aware that the national election would never be held and that Diem intended to purge opposing forces (mostly ex-Việt Minh) from South Vietnamese society, Hồ Chí Minh informally chose Lê Duẩn to become the next party leader."
How was Hồ Chí Minh's choice of Lê Duẩn as the next party leader interpreted by Western analysts?,"This was interpreted by Western analysts as a loss of influence for Hồ, who was said to have preferred the more moderate Võ Nguyên Giáp for the position."
"What concern did Hồ Chí Minh begin to have in 1959, leading him to write down his will?","From 1959 onward, the elderly Hồ became increasingly worried about the prospect of his death, and that year he wrote down his will."
"Who officially became the party leader in 1960, leaving Hồ Chí Minh in a secondary role?","Lê Duẩn was officially named party leader in 1960, leaving Hồ to function in a secondary role as head of state and member of the Politburo."
"Despite being in a secondary role, how did Hồ Chí Minh maintain influence in the government?",He nevertheless maintained considerable influence in the government.
Who were some key figures that often shared dinner with Hồ Chí Minh in the early 1960s?,"Lê Duẩn, Tố Hữu, Trường Chinh and Phạm Văn Đồng often shared dinner with Hồ, and all of them remained key figures throughout and after the war."
"What were the two main factions within the North Vietnamese Politburo in the early 1960s, and what were their respective focuses?","In the early 1960s, the North Vietnamese Politburo was divided into the ""North First"" faction which favored focusing on the economic development of North Vietnam, and the ""South First"" faction, which favored a guerrilla war in South Vietnam to reunite Vietnam shortly."
What significant military action occurred between 1961 and 1963 involving Communist soldiers?,"Between 1961 and 1963, 40,000 Communist soldiers infiltrated South Vietnam from the North."
What purported correspondence occurred between Hồ Chí Minh and South Vietnamese President Diem in 1963?,"In 1963, Hồ purportedly corresponded with South Vietnamese President Diem in hopes of achieving a negotiated peace."
What diplomatic initiative was launched in 1963 to achieve a federation of the two Vietnams?,"During the so-called ""Maneli Affair"" of 1963, a French diplomatic initiative was launched to achieve a federation of the two Vietnams, which would be neutral in the Cold War."
Who were the four principal diplomats involved in the 'Maneli affair'?,"The four principal diplomats involved in the ""Maneli affair"" were Ramchundur Goburdhun, the Indian Chief Commissioner of the ICC; Mieczysław Maneli, the Polish Commissioner to the ICC; Roger Lalouette, the French ambassador to South Vietnam; and Giovanni d'Orlandi, the Italian ambassador to South Vietnam."
"What was Hồ Chí Minh's attitude towards the American and South Vietnamese leadership, as reported by Mieczysław Maneli?","Maneli reported that Hồ was very interested in the signs of a split between President Diem and President Kennedy and that his attitude was: ""Our real enemies are the Americans."
What aspect of the Ho Chi Minh Trail did Hồ Chí Minh and Maneli discuss during their meeting?,"Get rid of them, and we can cope with Diem and Nhu afterward""."
What did Hồ Chí Minh say about President Diem during a meeting with Ramchundur Goburdhun in Hanoi?,"Hồ and Maneli also discussed the Ho Chi Minh Trail, which passed through officially neutral Cambodia and Laos, saying ""Indochina is just one single entity""."
What was North Vietnamese Premier Phạm Văn Đồng's response to the peace plan discussed by Maneli?,"At a meeting in Hanoi held in French, Hồ told Goburdhun that Diem was ""in his way a patriot"", noting that Diem had opposed French rule over Vietnam, and ended the meeting saying that the next time Goburdhun met Diem ""shake hands with him for me""."
"Who did Mieczysław Maneli meet with on September 2, 1963, to discuss the French peace plan?","The North Vietnamese Premier Phạm Văn Đồng, speaking on behalf of Hồ, told Maneli he was interested in the peace plan, saying that just as long as the American advisers left South Vietnam ""we can agree with any Vietnamese""."
What remains unclear about the Ngo brothers' response to the French peace plan?,"On 2 September 1963, Maneli met with Ngô Đình Nhu, the younger brother and right-hand man to Diem to discuss the French peace plan."
What action by Ngô Đình Nhu following his meeting with Maneli suggested a potential ulterior motive for considering the peace plan?,It remains unclear if the Ngo brothers were serious about the French peace plan or were merely using the possibility of accepting it to blackmail the United States into supporting them at a time when the Buddhist crisis had seriously strained relations between Saigon and Washington.
How did the leak of Ngô Đình Nhu's meeting with Maneli impact the Kennedy administration's strategy towards the Ngo brothers?,"Supporting the latter theory is the fact that Nhu promptly leaked his meeting with Maneli to the American columnist Joseph Alsop, who publicized it in a column entitled ""Very Ugly Stuff""."
What was the Kennedy administration's response to the possibility of the Ngo brothers accepting the peace plan?,The possibility that the Ngo brothers might accept the peace plan contributed to the Kennedy administration's plan to support a coup against them.
"What significant event occurred on November 1, 1963, in South Vietnam?","On 1 November 1963, a coup overthrew Diem, who was killed the next day together with his brother."
What policy did Diem follow that aimed to prevent a coup against him?,"Diem had followed a policy of ""deconstructing the state"" by creating several overlapping agencies and departments that were encouraged to feud with one another to disorganize the South Vietnamese state to such an extent that he hoped that it would make a coup against him impossible."
What was the immediate consequence of Diem's overthrow and death for the South Vietnamese state?,"When Diem was overthrown and killed, without any kind of arbiter between the rival arms of the South Vietnamese state, regime authority in South Vietnam promptly disintegrated."
What assessment did American Defense Secretary Robert McNamara provide after visiting South Vietnam in December 1963?,"The American Defense Secretary Robert McNamara reported after visiting South Vietnam in December 1963 that ""there is no organized government worthy of the name"" in Saigon."
What decision did the Politburo of North Vietnam make regarding the overthrow of the regime in Saigon at a meeting in December 1963?,"At a meeting of the plenum of the Politburo in December 1963, Lê Duẩn's ""South first"" faction triumphed, with the Politburo passing a resolution calling for North Vietnam to complete the overthrow of the regime in Saigon as soon as possible; while the members of the ""North first"" faction were dismissed."
How did the situation in South Vietnam impact Hồ Chí Minh's interest in the French peace plan?,"As the South descended into chaos, whatever interest Hồ might have had in the French peace plan faded, as it became clear the Viet Cong could overthrow the government in Saigon."
What did a CIA report from 1964 state about the factionalism in South Vietnam?,"A CIA report from 1964 stated that factionalism in South Vietnam had reached ""almost the point of anarchy"" as various South Vietnamese leaders fought one another, making any sort of effort against the Viet Cong impossible, which was rapidly taking over much of the South Vietnamese countryside."
What realization did President Lyndon Johnson come to as South Vietnam descended into chaos and the Viet Cong gained ground?,"As South Vietnam collapsed into factionalism and in-fighting while the Viet Cong continued to win the war, it became increasingly apparent to President Lyndon Johnson that only American military intervention could save South Vietnam."
How did President Lyndon Johnson attempt to communicate his intentions to Hanoi in June 1964?,"Though Johnson did not wish to commit American forces until he had won the 1964 election, he decided to make his intentions clear to Hanoi."
What was the purpose of the 'Seaborn Mission' that began in June 1964?,"In June 1964, the ""Seaborn Mission"" began as J. Blair Seaborn, the Canadian commissioner to the ICC, arrived in Hanoi with a message from Johnson offering billions of American economic aid and diplomatic recognition in exchange for which North Vietnam would cease trying to overthrow the government of South Vietnam."
"What potential action did President Johnson consider against North Vietnam, as warned by Seaborn?","Seaborn also warned that North Vietnam would suffer the ""greatest devastation"" from American bombing, saying that Johnson was seriously considering a strategic bombing campaign against North Vietnam."
What was the outcome of the backchannel of the 'Seaborn Mission' regarding Seaborn's interaction with Hồ Chí Minh?,"Little came of the backchannel of the ""Seaborn Mission"" as the North Vietnamese distrusted Seaborn, who pointedly was never allowed to meet Hồ."
Where were People's Army of Vietnam combat troops sent in late 1964?,"In late 1964, the People's Army of Vietnam combat troops were sent southwest into officially neutral Laos and Cambodia."
"When did American combat troops begin arriving in South Vietnam, and for what initial purpose?","By March 1965, American combat troops began arriving in South Vietnam, first to protect the airbases around Chu Lai and Da Nang, later to take on most of the fight as "" ore and more American troops were put in to replace Saigon troops who could not or would not, get involved in the fighting""."
What significant military operation began with widespread aerial and artillery bombardment by the United States in North Vietnam?,"As fighting escalated, widespread aerial and artillery bombardment all over North Vietnam by the United States Air Force and Navy began with Operation Rolling Thunder."
When did Hồ Chí Minh make a secret visit to Beijing to meet Mao Zedong?,"On 8–9 April 1965, Hồ made a secret visit to Beijing to meet Mao Zedong."
What agreement was reached during Hồ Chí Minh's visit to Beijing regarding Chinese combat troops in North Vietnam?,"It was agreed that no Chinese combat troops would enter North Vietnam unless the United States invaded North Vietnam, but that China would send support troops to North Vietnam to help maintain the infrastructure damaged by American bombing."
How was the suggestion of allowing Chinese troops into North Vietnam received by the North Vietnamese Politburo?,"There was deep distrust and fear of China within the North Vietnamese Politburo and the suggestion that Chinese troops, even support troops, be allowed into North Vietnam, caused outrage in the Politburo."
What did Hồ Chí Minh have to do to obtain the Politburo's approval for allowing Chinese support troops into North Vietnam?,Hồ had to use all his moral authority to obtain Politburo's approval.
"According to Chen Jian, what significant action did Lê Duẩn permit regarding Chinese volunteers in North Vietnam during the mid-to-late 1960s?","According to Chen Jian, during the mid-to-late 1960s, Lê Duẩn permitted 320,000 Chinese volunteers into North Vietnam to help build infrastructure for the country, thereby freeing a similar number of PAVN personnel to go south."
What sources confirm the number of Chinese troops stationed in North Vietnam?,"There are no sources from Vietnam, the United States, or the Soviet Union that confirm the number of Chinese troops stationed in North Vietnam."
How many Chinese soldiers did the Chinese government admit to sending to Vietnam during the 1960s?,"However, the Chinese government later admitted to sending 320,000 Chinese soldiers to Vietnam during the 1960s and spent over $20 billion to support Hanoi's regular North Vietnamese Army and Việt Cộng guerrilla units."
How was the entire population of North Vietnam mobilized for the war effort?,"To counter the American bombing, the entire population of North Vietnam was mobilized for the war effort, with vast teams of women being used to repair the damage done by the bombers, often at a speed that astonished the Americans."
"What was the principal obstacle to opening peace talks, according to Hồ?","The bombing of North Vietnam proved to be the principal obstacle to opening peace talks, as Hồ repeatedly stated that no peace talks would be possible unless the United States unconditionally ceased bombing North Vietnam."
Why was Hồ extremely sensitive about threats to his nation's independence and sovereignty?,"Like many of the other leaders of the newly independent states of Asia and Africa, Hồ was extremely sensitive about threats, whether perceived or real, to his nation's independence and sovereignty."
How did Hồ regard the American bombing of North Vietnam?,"Hồ regarded the American bombing as a violation of North Vietnam's sovereignty, and he felt that to negotiate with the Americans reserving the right to bomb North Vietnam should he not behave as they wanted him to do, would diminish North Vietnam's independence."
Who arrived in Hanoi in March 1966 with an offer to begin peace talks?,"In March 1966, a Canadian diplomat, Chester Ronning, arrived in Hanoi with an offer to use his ""good offices"" to begin peace talks."
Why did the Ronning mission fail?,"However, the Ronning mission foundered upon the bombing issue, as the North Vietnamese demanded an unconditional halt to the bombing, an undertaking that Johnson refused to give."
Who was able to see Henry Cabot Lodge Jr. with an offer from Hồ?,"In June 1966, Janusz Lewandowski, the Polish Commissioner to the ICC, was able via d'Orlandi to see Henry Cabot Lodge Jr, the American ambassador to South Vietnam, with an offer from Hồ."
What were some elements of Hồ's offer for a 'political compromise' as transmitted by Janusz Lewandowski?,"Hồ's offer for a ""political compromise"" as transmitted by Lewandowski included allowing South Vietnam to maintain its alliance with the U.S., instead of becoming neutral; having the Viet Cong ""take part"" in negotiations for a coalition government, instead of being allowed to automatically enter a coalition government; and allowing a ""reasonable calendar"" for the withdrawal of American troops instead of an immediate withdrawal."
"What was Operation Marigold, and what was its outcome?","Operation Marigold, as the Lewandowski channel came to be codenamed, almost led to American-North Vietnamese talks in Warsaw in December 1966; but collapsed over the bombing issue."
"Who presented a plan that became the genesis of the Tet Offensive, and when did this occur?","In January 1967, General Nguyễn Chí Thanh, the commander of communist forces in South Vietnam, returned to Hanoi, to present a plan that became the genesis of the Tet Offensive a year later."
"What was General Nguyễn Chí Thanh's concern, and what action did he urge to preempt it?","Thanh expressed much concern about the Americans invading Laos to cut the Ho Chi Minh Trail, and to preempt this possibility, urged an all-out offensive to win the war with a sudden blow."
"Who opposed General Nguyễn Chí Thanh's plans, and what alternative strategy did they prefer?","Lê' Duẩn supported Thanh's plans, which were stoutly opposed by the Defense Minister, General Võ Nguyên Giáp, who preferred to continue with guerrilla war, arguing that the superior American firepower would ensure the failure of Thanh's proposed offensive."
What was the outcome of the debate within the Politburo regarding General Nguyễn Chí Thanh's proposed offensive?,"With the Politburo divided, it was agreed to study and debate the issue more."
When did Hồ Chí Minh and most of the Politburo of the Communist Party conclude that the war had fallen into a stalemate?,"In July 1967, Hồ Chí Minh and most of the Politburo of the Communist Party met in a high-profile conference where they concluded the war had fallen into a stalemate."
What effect did the American military presence have on the resources of the PAVN?,The American military presence forced the PAVN to expend the majority of their resources on maintaining the Hồ Chí Minh trail rather than reinforcing their comrades' ranks in the South.
Why did Hồ Chí Minh seem to agree to Thanh's offensive?,"Hồ seems to have agreed to Thanh's offensive because he wanted to see Vietnam reunified within his lifetime, and the increasingly ailing Hồ was painfully aware that he did not have much time left."
"What permission did Hồ Chí Minh grant, and what was planned as a result?","With Hồ's permission, the Việt Cộng planned a massive offensive that would commence on 31 January 1968, to take much of the South by force and deal a heavy blow to the American military."
"What was the outcome of the offensive launched by the Việt Cộng on January 31, 1968?",The offensive was executed at great cost and with heavy casualties on Việt Cộng's political branches and armed forces.
How did the scope of the action during the Tet Offensive impact the world's perception of the war?,"The scope of the action shocked the world, which until then had been assured that the Communists were ""on the ropes""."
Why was the optimistic spin sustained by the American military command no longer credible?,The optimistic spin that the American military command had sustained for years was no longer credible.
What was the outcome of halting the bombing of North Vietnam and the Hồ Chí Minh trail?,"The bombing of North Vietnam and the Hồ Chí Minh trail was halted, and American and Vietnamese negotiators held discussions on how the war might be ended."
What strategy did Hồ Chí Minh and his government employ regarding conventional warfare and facing the United States Army?,"From then on, Hồ Chí Minh and his government's strategy, based on the idea of not using conventional warfare and facing the might of the United States Army, which would wear them down eventually while merely prolonging the conflict, would lead to the eventual acceptance of Hanoi's terms, materialized."
"What health issue did Hồ Chí Minh suffer in early 1969, and how did it affect him?","In early 1969, Hồ suffered a heart attack and was in increasingly bad health for the rest of the year."
Who relayed a letter from President Richard Nixon to Hồ Chí Minh in July 1969?,"In July 1969, Jean Sainteny, a former French official in Vietnam who knew Hồ secretly relayed a letter written to him from President Richard Nixon."
"What did Nixon's letter propose, and what consequences did it warn of if North Vietnam made no concessions?","Nixon's letter proposed working together to end this ""tragic war"", but also warned that if North Vietnam made no concessions at the peace talks in Paris by 1 November, Nixon would resort to ""measures of great consequence and force""."
How did Hồ Chí Minh respond to Nixon's letter?,"Hồ's reply letter, which Nixon received on 30 August 1969, welcomed peace talks with the U.S. to look for a way to end the war but made no concessions, as Nixon's threats made no impression on him."
"In addition to being a politician, what other roles did Hồ Chí Minh have?","In addition to being a politician, Hồ Chí Minh was also a writer, journalist, poet and polyglot."
What was Hồ Chí Minh's father's occupation and educational background?,His father was a scholar and teacher who received a high degree in the Nguyễn dynasty Imperial examination.
What language was Hồ Chí Minh taught to master at a young age?,Hồ was taught to master Classical Chinese at a young age.
"What type of poetry did he often write before the August Revolution, and in what writing system?","Before the August Revolution, he often wrote poetry in Chữ Hán (the Vietnamese name for the Chinese writing system)."
Which poetry chronicle written by Hồ Chí Minh is considered Vietnam National Treasure No. 10?,"One of those is Poems from the Prison Diary, written when he was imprisoned by the police of the Republic of China."
Which poetry chronicle written by Hồ Chí Minh is considered Vietnam National Treasure No. 10?,This poetry chronicle is Vietnam National Treasure No.
How widely has Poems from the Prison Diary been translated?,10 and was translated into many languages.
In what context is Poems from the Prison Diary used in Vietnamese high schools?,It is used in Vietnamese high schools.
What writing system did the new government exclusively promote after Vietnam gained independence from France?,"After Vietnam gained independence from France, the new government exclusively promoted Chữ Quốc Ngữ (Vietnamese writing system in Latin characters) to eliminate illiteracy."
Why did Hồ Chí Minh start creating more poems in the modern Vietnamese language?,Hồ started to create more poems in the modern Vietnamese language for dissemination to a wider range of readers.
How did Hồ Chí Minh encourage his people in the Tết edition of Nhân Dân newspaper?,"From when he became president until the appearance of serious health problems, a short poem of his was regularly published in the Tết (Lunar new year) edition of Nhân Dân newspaper to encourage his people in working, studying or fighting Americans in the new year."
"What languages could Hồ Chí Minh fluently speak, read, and write professionally?","Because he was in exile for nearly 30 years, Hồ could speak fluently as well as read and write professionally in different languages such as French, Russian, English, Cantonese and Mandarin, as well as his mother tongue Vietnamese."
What additional language was Hồ Chí Minh reported to speak?,"In addition, he was reported to speak conversational Esperanto."
"During the 1920s, what was Hồ Chí Minh's role in relation to newspapers, and what was their purpose?","In the 1920s, he was bureau chief/editor of many newspapers which he established to criticize French Colonial Government of Indochina and serving communist propaganda purposes."
Can you provide examples of newspapers that Hồ Chí Minh established during the 1920s?,Examples are Le Paria (The Pariah) first published in Paris 1922 or Thanh Nien (Youth) first published on 21 June 1925 (21 June was named by The Socialist Republic of Vietnam Government as Vietnam Revolutionary Journalism Day).
How did Hồ Chí Minh communicate with communist leaders during state visits to the Soviet Union and China?,"In many state official visits to the Soviet Union and China, he often talked directly to their communist leaders without interpreters, especially about top-secret information."
In what language did Hồ Chí Minh typically converse with Western journalists during interviews?,"While being interviewed by Western journalists, he used French."
What distinguished feature did Hồ Chí Minh's Vietnamese language have?,"His Vietnamese had a strong accent from his birthplace in the central province of Nghệ An, but could be widely understood throughout the country."
Where did Hồ Chí Minh hold formal receptions for foreign heads of state and ambassadors as president?,"As president, he held formal receptions for foreign heads of state and ambassadors at the Presidential Palace, but he did not live there."
What did Hồ Chí Minh order to be built at the back of the Presidential Palace?,"He ordered the building of a stilt house at the back of the palace, which is today known as the Presidential Palace Historical Site."
"According to his secretary Vũ Kỳ, what were some of Hồ Chí Minh's hobbies?","His hobbies (according to his secretary Vũ Kỳ) included reading, gardening, feeding fish (many of which are still living), and visiting schools and children's homes."
"Where did Hồ Chí Minh spend his final years, and what was one of his demands during this time?","Hồ Chí Minh remained in Hanoi during his final years, demanding the unconditional withdrawal of all non-Vietnamese troops in South Vietnam."
"When did Hồ Chí Minh's health begin to deteriorate, and what health problems did he face?","By 1969, with negotiations still dragging on, his health began to deteriorate from multiple health problems, including diabetes which prevented him from participating in further active politics."
What was Hồ Chí Minh's stance on the continuation of fighting in the South?,"However, he insisted that his forces in the South continue fighting until all of Vietnam was reunited regardless of the length of time that it might take, believing that time was on his side."
"What is the status of Hồ Chí Minh's marriage, and why is it shrouded in secrecy?",Hồ Chí Minh's marriage has long been swathed in secrecy and mystery.
"Who is believed to have been Hồ Chí Minh's spouse, and when did they marry?","He is believed by several scholars of Vietnamese history, to have married Zeng Xueming in October 1926, although only being able to live with her for less than a year."
"Why did Hồ Chí Minh leave for Hong Kong in 1927, and what effect did it have on his relationship with Zeng Xueming?",Historian Peter Neville claimed that Hồ (at the time known as Ly Thuy ) wanted to engage Zeng in the communist movements but she demonstrated a lack of ability and interest in it.
"Aside from Zeng Xueming, who else is believed to have had a romantic relationship with Hồ Chí Minh?","In 1927, the mounting repression of Chiang Kai-shek's KMT against the Chinese Communists compelled Hồ to leave for Hong Kong, and his relationship with Zeng appeared to have ended at that time."
"Who was Nguyễn Thị Minh Khai, and how did she become associated with Hồ Chí Minh?","In addition to the marriage with Zeng Xueming, there is a number of published studies indicating that Hồ had a romantic relationship with Nguyễn Thị Minh Khai."
What action did Hồ Chí Minh take regarding his desire to marry Nguyễn Thị Minh Khai?,"As a young and high-spirited female revolutionary, Minh Khai was delegated to Hong Kong to serve as an assistant to Ho Chi Minh in April 1930 and quickly drew Hồ's attention owing to her physical attractiveness."
Why was Hồ Chí Minh unable to marry Nguyễn Thị Minh Khai?,Hồ even approached the Far Eastern Bureau and requested permission to marry Minh Khai even though the previous marriage with Zeng remained legally valid.
What was the outcome of Hồ Chí Minh's request to marry Nguyễn Thị Minh Khai?,"However, the marriage was unable to take place since Minh Khai had been detained by the British authorities in April 1931."
"What was the cause of Hồ Chí Minh's death, and where did it occur?","With the outcome of the Vietnam war still in question, Hồ Chí Minh died of heart failure at his home in Hanoi at 9 on the morning of 2 September 1969; he was 79 years old."
"What was Hồ Chí Minh's wish regarding his burial, and where is his body currently located?","His embalmed body is currently on display in a mausoleum in Ba Đình Square in Hanoi, despite his will which stated that he wanted to be cremated."
Why did the North Vietnamese government originally delay announcing Hồ Chí Minh's death?,"Due to the sensitivity of 2 September being Independence Day, the North Vietnamese government originally delayed announcing Hồ's death until 3 September."
How long was the period of mourning decreed nationwide in North Vietnam after Hồ Chí Minh's death?,A week of mourning for his death was decreed nationwide in North Vietnam from 4 to 11 September 1969.
"How many people attended Hồ Chí Minh's funeral, and how many official guests were present?","His funeral was attended by about 250,000 people and 5,000 official guests, which included many international mourners."
Which countries and regions were represented by representatives at Hồ Chí Minh's funeral?,Representatives from 40 countries and regions were also presented.
"During the mourning period, how many condolences letters did North Vietnam receive and from which countries?","During the mourning period, North Vietnam received more than 22,000 condolences letters from 20 organizations and 110 countries across the world, such as France, Ethiopia, Yugoslavia, Cuba, Zambia, China, the USSR and many others, mostly Socialist countries."
"What leadership structure took over after Hồ Chí Minh's death, and what was it called?","He was not initially replaced as president; instead, a ""collective leadership"" composed of several ministers and military leaders took over, known as the Politburo."
"What famous song was often sung by PAVN soldiers during North Vietnam's final campaign in 1975, and who was the composer?","During North Vietnam's final campaign in 1975, a famous song written by composer Huy Thuc was often sung by PAVN soldiers: ""Bác vẫn cùng chúng cháu hành quân"" (""You are still marching with us, Uncle Hồ"")."
"During the Fall of Saigon on April 30, 1975, what did several PAVN tanks display?","During the Fall of Saigon on 30 April 1975, several PAVN tanks displayed a poster with those same words on it."
"Who reported that 'When the North Vietnamese marched into Saigon yesterday, they were led by a man who wasn't there'?","The day after the battle ended, on 1 May, veteran Australian journalist Denis Warner reported that ""When the North Vietnamese marched into Saigon yesterday, they were led by a man who wasn't there""."
How is Hồ Chí Minh's legacy praised by the Socialist Republic of Vietnam?,"The Socialist Republic of Vietnam still praises the legacy of Uncle Hồ (Bác Hồ), the Bringer of Light (Chí Minh)."
"What was Hồ Chí Minh's wish regarding his body after his death, and how does it contrast with what actually happened?","Although Hồ Chí Minh wished for his body to be cremated and his ashes spread to North, Central, and South Vietnam, the body instead is embalmed on view in a mausoleum."
Where can Hồ Chí Minh's image be found prominently displayed?,"His image is featured in many public buildings and schoolrooms, and other displays of reverence."
Can you describe one specific temple dedicated to Hồ Chí Minh and when it was built?,"There is at least one temple dedicated to him, built in then Việt Cộng-controlled Vĩnh Long shortly after his death in 1970."
"According to Duiker in The Communist Road to Power in Vietnam, what does Hồ Chí Minh's cult of personality indicate?","In The Communist Road to Power in Vietnam (1982), Duiker suggests that Hồ Chí Minh's cult of personality is indicative of a larger legacy, one that drew on ""elements traditional to the exercise of control and authority in Vietnamese society."""
What comparison does Duiker make between Vietnam and China regarding the exercise of control and authority?,"Duiker is drawn to an ""irresistible and persuasive"" comparison with China."
"Who were the leading party cadres likely to be in the interior of Vietnam, according to Duiker?","As in China, leading party cadres were ""most likely to be intellectuals descended from rural scholar-gentry families"" in the interior (the protectorates of Annam and Tonkin)."
"Who tended to be the pioneers of constitutional nationalism in Vietnam, according to Duiker?","Conversely, the pioneers of constitutional nationalism tended to be from the more ""Westernised"" coastal south (Saigon and surrounding French direct-rule Cochinchina) and to be from ""commercial families without a traditional Confucian background""."
"How did Communism in Vietnam present itself in relation to Confucianism, according to Duiker?","In Vietnam, as in China, Communism presented itself as a root and branch rejection of Confucianism, condemned for its ritualism, inherent conservatism, and resistance to change."
"How did the Vietnamese Communists approach Confucianism once in power, according to the information?","Once in power, the Vietnamese Communists may not have fought Confucianism ""as bitterly as did their Chinese counterparts"", but its social prestige was ""essentially destroyed."""
"What political change occurred in Vietnam regarding the representation of power, as stated in the information?","In the political sphere, the puppet son of heaven (which had been weakly represented by the Bảo Đại) was replaced by the people's republic."
What aspects of Confucianism were undermined by socialist collectivism and the socialist conception of social equality?,"Orthodox materialism accorded no place to heaven, gods, or other supernatural forces."
"According to Duiker, what similarities exist between the new ideology under Hồ Chí Minh and the teachings of Confucius?",Socialist collectivism undermined the tradition of the Confucian family leader (Gia Truong).
How does Duiker describe Hồ Chí Minh in relation to Confucian ethics?,The socialist conception of social equality destroyed the Confucian views of class.
"In what way did Vietnamese Marxism develop under Hồ Chí Minh, according to the information?","Duiker argues many were to find the new ideology ""congenial"" precisely because of its similarities with the teachings of the old Master: ""the belief in one truth, embodied in quasi-sacred texts""; in ""an anointed elite, trained in an all-embracing doctrine and responsible for leading the broad masses and indoctrinating them in proper thought and behavior""; in ""the subordination of the individual to the community""; and in the perfectibility, through corrective action, of human nature."
Who remarked on the 'congeniality' between Vietnamese Marxism and Confucian tradition?,"All of this, Duiker suggests, was in some manner present in the aura of the new Master, Chi Minh, ""the bringer of light"", ""Uncle Hồ"" to whom ""all the desirable qualities of Confucian ethics"" are ascribed."
What parallels did Nguyen Khac Vien see between Confucianism and party discipline in Vietnam?,"Under Hồ Chí Minh, Vietnamese Marxism developed, in effect, as a kind of ""reformed Confucianism"" revised to meet ""the challenges of the modern era"" and, not least among these, of ""total mobilization in the struggle for national independence and state power."""
Which leading Hanoi intellectual of the 1960s and 70s saw definite parallels between Confucianism and Marxism in Vietnam?,"This ""congeniality"" with Confucian tradition was remarked on by Nguyen Khac Vien, a leading Hanoi intellectual of the 1960s and 70s."
What did Nguyen Khac Vien observe in his work 'Confucianism and Marxism in Vietnam' regarding party discipline and traditional scholar gentry?,"In Confucianism and Marxism in Vietnam Nguyen Khac Vien, saw definite parallels between Confucian and party discipline, between the traditional scholar gentry and Hồ Chí Minh's party cadres."
"How is Hồ Chí Minh identified in Vietnamese folk religion, and what role does he supposedly play?","A completely different form of the cult of Hồ Chí Minh (and one tolerated by the government with uneasiness) is his identification in Vietnamese folk religion with the Jade Emperor, who supposedly incarnated again on earth as Hồ Chí Minh."
Through what means is Hồ Chí Minh believed to communicate from the spirit world?,"Today, Hồ Chí Minh as the Jade Emperor is supposed to speak from the spirit world through Spiritualist mediums."
"Who were the first Spiritualist mediums associated with the cult of Hồ Chí Minh, and when did they gain followers?","The first such medium was one Madam Lang in the 1990s, but the cult acquired a significant number of followers through another medium, Madam Xoan."
"What organization did Madam Xoan establish on January 1, 2001, and where?","She established on 1 January 2001 the Đạo Ngọc Phật Hồ Chí Minh (the Way of Hồ Chí Minh as the Jade Buddha), also known as Đạo Bác Hồ (the Way of Uncle Hồ) at đền Hòa Bình (the Peace Temple) in Chí Linh-Sao Đỏ district of Hải Dương province."
"What organization did Madam Xoan subsequently found, and what was its purpose?",She then founded the Peace Society of Heavenly Mediums (Đoàn đồng thiên Hòa Bình).
How many followers did the movement associated with Hồ Chí Minh as the Jade Emperor reportedly have by 2014?,"Reportedly, the movement had around 24,000 followers by 2014."
How has the Vietnamese government's attempts to immortalize Hồ Chí Minh been met?,The Vietnamese government's attempts to immortalize Hồ Chí Minh were also met with significant controversies and opposition.
What aspects of Hồ Chí Minh's personal life does the Vietnamese government consider sensitive?,The regime is sensitive to anything that might question the official hagiography.
What was William Duiker's book 'Ho Chi Minh: A Life' candid about regarding Hồ Chí Minh's personal life?,"This includes references to Hồ Chí Minh's personal life that might detract from the image of the dedicated ""father of the revolution"", the ""celibate married only to the cause of revolution""."
What official image of Hồ Chí Minh does the Vietnamese government strive to maintain?,William Duiker's Ho Chi Minh: A Life (2000) was candid on the matter of Hồ Chí Minh's liaisons.
What actions did the Vietnamese government take in response to cuts in the Vietnamese translation and the banning of distribution of an issue of the Far Eastern Economic Review?,", fn 58 The government sought cuts in the Vietnamese translation and banned distribution of an issue of the Far Eastern Economic Review, which carried a small item about the controversy."
What debate do many authors writing on Vietnam engage in regarding Hồ Chí Minh's ideology?,Many authors writing on Vietnam argued on the question of whether Hồ Chí Minh was fundamentally a nationalist or a Communist.
"Where are busts, statues, memorial plaques, and exhibitions of Hồ Chí Minh displayed?","Busts, statues, and memorial plaques and exhibitions are displayed in destinations on his extensive world journey in exile from 1911 to 1941 including France, the United Kingdom, Russia, China, and Thailand."
How did activists and musicians demonstrate against the United States during the Vietnam War?,Many activists and musicians wrote songs about Hồ Chí Minh and his revolution in different languages during the Vietnam War to demonstrate against the United States.
Which Spanish musicians composed songs about Hồ Chí Minh and his revolution?,"Spanish songs were composed by Félix Pita Rodríguez, Carlos Puebla and Alí Primera."
Who referenced Hồ Chí Minh in the anti-war song 'El derecho de vivir en paz'?,"In addition, the Chilean folk singer Víctor Jara referenced Hồ Chí Minh in his anti-war song ""El derecho de vivir en paz"" (""The Right to Live in Peace"")."
What song did Pete Seeger write about Hồ Chí Minh?,"Pete Seeger wrote ""Teacher Uncle Ho""."
Who produced 'The Ballad of Ho Chi Minh' in 1954?,"Ewan MacColl produced ""The Ballad of Ho Chi Minh"" in 1954, describing ""a man who is the father of the Indo-Chinese people, And his name is Ho Chi Minh."""
"Who wrote Russian songs about Hồ Chí Minh, and who wrote German songs about him?","Russian songs about him were written by Vladimir Fere, and German songs about him were written by Kurt Demmler."
"Where are various places, boulevards, and squares named after Hồ Chí Minh, especially?","Various places, boulevards, and squares are named after him around the world, especially in Socialist states and former Communist states."
"Where in Russia are there squares and monuments dedicated to Hồ Chí Minh, and what are some of their names?","In Russia, there is a Hồ Chí Minh square and monument in Moscow, a Hồ Chí Minh boulevard in Saint Petersburg, and a Hồ Chí Minh square in Ulyanovsk (the birthplace of Vladimir Lenin, a sister city of Vinh, the birthplace of Hồ Chí Minh)."
"During the Vietnam War, what action did the West Bengal government take regarding Harrington Street?","During the Vietnam War, the then-West Bengal government, in the hands of CPI(M), renamed Harrington Street to Ho Chi Minh Sarani, which is also the location of the consulate general of the United States in Kolkata."
"According to the Vietnamese Ministry of Foreign Affairs, how many countries across which continents have erected monuments or statues in remembrance of Hồ Chí Minh?","According to the Vietnamese Ministry of Foreign Affairs, as many as 20 countries across Asia, Europe, America and Africa have erected monuments or statues in remembrance of Hồ Chí Minh."
How is Hồ Chí Minh regarded in terms of his influence as a leader?,Hồ Chí Minh is considered one of the most influential leaders in the world.
In what list did Time magazine include Hồ Chí Minh in 1998?,Time magazine listed him in the list of 100 Most Important People of the Twentieth Century (Time 100) in 1998.
How did Hồ Chí Minh's thought and revolution impact leaders and people globally?,"His thought and revolution inspired many leaders and people on a global scale in Asia, Africa and Latin America during the decolonization movement which occurred after World War II."
"As a communist leader, how was Hồ Chí Minh perceived in the West compared to other Communist rulers?","As a communist, he was one of the few international figures who were relatively well regarded in the West, and did not face the same extent of international criticism as much as other Communist rulers and factions, even winning praise for his actions."
What did UNESCO recommend its member states do in commemoration of the centenary of the birth of President Hồ Chí Minh in 1987?,"In 1987, UNESCO officially recommended that its member states ""join in the commemoration of the centenary of the birth of President Hồ Chí Minh by organizing various events as a tribute to his memory"", considering ""the important and many-sided contributions of President Hồ Chí Minh to the fields of culture, education and the arts"" who ""devoted his whole life to the national liberation of the Vietnamese people, contributing to the common struggle of peoples for peace, national independence, democracy, and social progress""."
What significant contributions of Hồ Chí Minh did UNESCO acknowledge in its recommendation?,"One of Hồ Chí Minh's works, The Black Race, much of it originally written in French, highlights his views on the oppression of peoples from colonialism and imperialism in 20 written articles."
What are some of Hồ Chí Minh's notable works and what themes do they address?,"Other books such as Revolution which published selected works and articles of Hồ Chí Minh in English also highlighted Hồ Chí Minh's interpretation and beliefs in socialism and communism, and in fighting against what he perceived to be evils stemming from capitalism, colonialism, and imperialism."
